epoch,time,train/box_loss,train/cls_loss,train/dfl_loss,metrics/precision(B),metrics/recall(B),metrics/mAP50(B),metrics/mAP50-95(B),val/box_loss,val/cls_loss,val/dfl_loss,lr/pg0,lr/pg1,lr/pg2
1,27.4635,1.34077,3.2247,1.37022,0.82955,0.13114,0.15694,0.08621,1.36836,3.75664,1.22334,0.000361721,0.000361721,0.000361721
2,43.8491,1.33158,2.18323,1.34943,0.80019,0.21848,0.2497,0.13227,1.43493,3.38243,1.30769,0.00071756,0.00071756,0.00071756
